content,军事能力,传奇色彩,政治能力,家庭背景,私德品行,|
纵横五千里的领域受到安抚,0,0,1,0,0,0
皋陶担任大理，人们信服皋陶。伯夷主持礼仪，上上下下都够谦恭礼让。垂担任工师，百工做自己的工作。益担任虞，湖泽得到开发。帝舜置州牧，民众没有违抗,0,0,1,0,0,0
帝舜问谁能管理我山上泽中的草木鸟兽，大家说益行。帝舜任命益为朕虞，朕虞主管山泽,0,0,1,0,0,0
帝尧问谁可以治理天下，四岳推荐帝舜,0,0,1,0,0,0
天下人归服帝舜,0,0,1,0,1,0
帝舜逝世,0,0,0,0,0,1
帝舜去东方祭祀名山大川,0,0,0,0,0,1
帝舜是冀州人,0,0,0,1,0,0
帝舜的父亲瞽叟是瞎子，瞽叟喜欢后妻的儿子，瞽叟想杀帝舜，帝舜侍奉父亲后母及后母弟，帝舜没有一点懈怠,0,0,0,0,1,0
帝舜让给帝位让给丹朱，诸侯前来朝觐的到帝舜那里，打官司的找帝舜，歌颂功德的歌颂帝舜，帝舜说这是天意呀,0,0,1,0,0,0
帝舜说：弃，黎民正在挨饿受饥，你负责农业，去教他们播种百谷吧。,0,0,1,0,0,0
帝舜代理天子之政事,0,0,1,0,0,0
帝尧的女儿嫁帝舜，帝尧观察帝舜在家的德行，帝尧让九个儿子来观察帝舜在外的为人。帝舜居住在妫水岸边，帝舜做事谨慎，帝尧的两个女儿对待舜的亲属讲究为妇之道,0,0,0,0,1,0
帝舜到南方,0,0,0,0,0,1
帝舜说，有谁能奋发努力，建立功业，光大帝尧的事业，授给他官职辅佐我办事呢。四岳说让伯禹担任司空可以光大帝尧的事业。帝舜说好,0,0,1,0,0,0
帝尧试用帝舜去理顺五种伦理道德和参与百官的事，,0,0,1,0,0,0
帝舜的父亲母亲弟弟想杀掉舜，帝舜不违背为子之道，友爱兄弟，帝舜孝顺父母,0,0,0,0,1,0
帝舜代行天子的政务,0,0,1,0,0,0
帝舜问那么谁能管理我的各种工匠，大家说垂可以。帝舜任命垂为共工,0,0,1,0,0,0
帝舜尽孝悌之道，帝舜治理家业，帝舜使父亲、母亲、弟弟不走向邪恶,0,0,0,0,1,0
帝舜开始把天下划分为十二个州,0,0,1,0,0,0
尧的两个女儿嫁帝舜,0,0,0,1,0,0
帝舜说龙我非常憎恶那种诬陷他人的坏话和灭绝道义的行为惊扰我的臣民我任命你为纳言官早晚传达我的旨命报告下情一定要诚实守信,0,0,1,0,1,0
帝舜举用八元的后代，帝舜让八元的后代传布五种教化，做父亲的有道义,0,0,1,0,0,0
瞽叟让帝舜挖井，帝舜挖深处，瞽叟和象倒土，瞽叟和象填水井，瞽叟和象以为帝舜已经死了。帝舜回到自己的住处，象摆闷闷不乐的样子，象说我正在想念你呢想得我好心闷啊。帝舜说是啊但愿你是这样啊,0,0,0,0,1,0
帝舜说：啊，四岳，有谁能替我主持天事、地事、人事三种祭祀。四岳说伯夷可以。帝舜说啊伯夷我任命你担秩宗主管祭祀要早晚虔敬要正直清明啊,0,0,1,0,0,0
帝尧让帝舜行天子政务,0,0,1,0,0,0
考核决定罢免,0,0,1,0,0,0
帝舜接受尧的禅让,0,0,1,0,0,0
帝舜规定执法，帝舜减刑罚，帝舜刑罚谨慎,0,0,1,0,1,0
帝舜告祭祖庙,0,0,0,0,0,1
帝舜瓦解三苗部族,1,0,0,0,0,0
帝舜用八恺的后代，帝舜让八恺的后代主管农业，负责各项政务,0,0,1,0,0,0
帝舜进行考察,0,0,1,0,0,0
德政开始从帝舜时代,0,0,1,0,1,0
帝尧派帝舜进入山野丛林大川草泽，帝舜遇暴风雷雨，帝舜没有迷路误事,1,0,0,0,0,0
帝舜行天子之政，帝舜到四方,0,0,1,0,0,0
帝舜收集公侯伯子男五等侯爵所持桓圭、信圭、躬圭、谷璧、蒲璧五种玉制符信，公侯伯子男五等侯爵持符信，帝舜选择良月吉日，帝舜召见四岳和各州州牧,0,0,1,0,0,0
帝舜让朱虎熊罴做益的助手,0,0,1,0,0,0
帝喾有灵气,0,1,0,0,0,0
帝喾高辛是黄帝的曾孙，帝喾的父亲叫蟜极，蟜极的父亲叫玄嚣，玄嚣的父亲是黄帝。玄嚣和蟜极没有登帝位，帝喾是颛顼的侄子,0,0,0,1,0,0
帝喾号为高辛,0,0,0,0,0,1
帝喾了解久远的情况，帝喾洞察细微的事理,0,0,1,0,0,0
帝喾行动合乎时宜，服用如同士人,0,0,0,0,1,0
帝喾施予恩泽,0,0,0,0,1,0
帝喾收取土地上的物产，帝喾抚爱教化万民，帝喾教各种有益的事，帝喾推算日月的运行,0,0,1,0,0,0
项羽想要向东渡过乌江，乌江亭长等待项羽。项羽说，上天要灭亡我，我渡江干什么呢。我项羽于心有愧,0,0,0,0,1,0
诸侯军的将领们听到秦军的打算，诸侯军的将领们报告项羽,1,0,0,0,0,0
项羽封司马印为殷王,0,0,1,0,0,0
项梁觉得项羽不同于一般人,0,0,0,0,0,1
樊哙说，你听信闲言细语，你要杀有功的人。项羽无辞对，项王说，坐,0,0,0,0,0,1
项羽命令衡山王、临江王击杀义帝,1,0,1,0,0,0
四面的汉军唱楚地歌曲，项羽震惊说。汉军已经全部占领了楚国吗,1,0,0,0,0,0
楚军名冠诸侯，楚军战士以一当十,1,0,0,0,0,0
项羽说，我听说秦军把赵王围在巨鹿，赶快带兵渡河，楚军从外面攻打，赵军在内响应，一定能打垮秦军,1,0,0,0,0,0
项羽怒,0,0,0,0,0,1
项羽攻打陈留,1,0,0,0,0,0
项羽率领全军，凿船只，烧毁营舍，携带三天口粮，项羽用以表示士卒拼死决战,1,0,0,0,1,0
吴中子弟敬畏项羽,1,0,1,0,1,0
项羽攻打彭越,1,0,0,0,0,0
项羽报告楚怀王，楚怀王说按照约定办。项羽尊楚怀王为义帝，项羽封诸侯将相为王，项羽想称王,0,0,1,0,0,0
项梁派沛公和项羽率一支军队攻打城阳，沛公和项羽屠毁县城,1,0,0,0,0,0
汉王请求讲和，项羽想答应。历阳侯范增说，汉军容易对付，现在放掉他们，不予以消灭，以后一定要懊悔。项羽和范增围攻荥阳,1,0,1,0,0,0
战事有胜利,1,0,0,0,0,0
项羽学习认字，项羽没有学成。项羽击剑，项羽没有学成。项梁生项羽的气，项羽说字只不过用来记记姓名而已，剑抵敌一人，项羽要学抵抗万人的,0,0,0,0,1,0
沛公项羽离开外黄。沛公项羽说如今项梁的军队垮了士卒恐惧。,0,0,0,0,0,1
曹无伤派人对项羽说，沛公想称王关中，使子婴为相，占有了全部珍宝。项羽说，明天早晨饱餐，士卒将击溃沛公的军队,1,0,1,0,0,0
彭越反击楚军，彭越断绝楚军的粮食，项羽忧虑,1,0,0,0,0,0
秦始皇帝巡游会稽，渡过浙江，项羽说那个皇帝我可以取而代之。项梁捂住项羽的嘴，项梁说不许胡说八道当心全族要杀头啊,0,0,0,0,1,0
项羽调兵力，黥布称病，黥布派将领率兵几千人，项羽怨恨黥布,0,0,0,0,1,0
大司马曹咎是蕲县的狱掾，长史司马欣是栎阳的狱吏，两人对项梁有恩德，项羽信任曹咎和司马欣,0,0,0,0,1,0
项羽打算杀死太公。项伯说，天下大事还不能预料，而且打天下的人不顾念家眷，虽然杀了太公也没有好处只能增加祸患。项羽听从项伯的话,0,0,1,0,0,0
项羽封魏王豹为西魏王,0,0,1,0,0,0
平定天下的是各位将相和我项羽的力量,1,0,1,0,0,0
楚军杀死十多万汉军士卒，楚军包围汉王,1,0,0,0,0,0
项羽带兵屠毁咸阳，项羽杀死秦朝已经投降的国王子婴，项羽焚烧秦朝宫室,1,0,0,0,1,0
楚军报告项羽，项羽拘留太公吕后,0,0,1,0,1,0
项羽封共敖为临江王,0,0,1,0,0,0
项羽说，我知道你是个忠厚长者，这匹马送给你,0,0,0,0,1,0
汉王战败，诸侯向楚，诸侯背汉,1,0,0,0,0,0
项羽设置一个高大的砧板，项羽说，现在不快快投降，我就烹杀太公。,0,0,1,0,1,0
项羽说好吧,0,0,0,0,0,1
项羽封张耳为常山王,0,0,1,0,0,0
劝项王的人说，人们说楚国人是猕猴戴帽子装人，果然如此。项羽听到这话，烹杀劝说他的那个人,0,0,0,0,1,0
项羽赞成他的话，项羽赦免外黄应当坑杀的那些人,0,0,1,0,1,0
项羽封赵王为代王，,0,0,1,0,0,0
项羽听到这个消息，项羽令诸将，自己带领精兵越过胡陵。项羽到达萧县，项羽攻击汉军。项羽到达彭城，项羽大败汉军,1,0,0,0,0,0
项羽立章邯为雍王,0,0,1,0,0,0
项羽到东城，项羽有二十八个骑兵，项羽估计不能脱身了。项羽说，这是上天要灭亡我，这不是是我作战的过失,0,0,0,0,1,0
项羽封黥布为九江王,0,0,1,0,0,0
项羽封臧荼为燕王,0,0,1,0,0,0
项羽说，小心守卫成皋即，使汉军挑战千万不要和它交战，不要让它东进就行了。我杀彭越。我平定梁地,1,0,0,0,0,0
项羽派当阳君等攻打关口，项羽进入函谷关，到达戏水西岸,1,0,0,0,0,0
项羽让蒲将军渡过三户津，蒲将军扎营漳水南岸，蒲将军打败秦军,1,0,0,0,0,0
项羽订立和约，项羽解除军事对峙，项羽率军东归,0,0,1,0,0,0
秦将王翦杀项羽的父亲项燕,0,0,0,1,0,0
项羽封章邯为雍王,0,0,1,0,0,0
宋义不体恤士卒。项羽参见上将军宋义，项羽割宋义的脑袋。项羽说，宋义和齐国阴谋反楚，楚王命令我杀死他,0,0,1,0,0,0
项氏为楚将，项氏封项地，项氏姓项氏,0,0,0,1,0,0
项羽杀卿子冠军，项羽派遣当阳君、蒲将军带领两万士卒援救巨鹿,1,0,0,0,0,0
汉王派遣陆贾劝说项羽，项羽没有答应,0,0,1,0,0,0
项羽平定东海,1,0,0,0,0,0
大司马周殷背叛楚国，大司马周殷来到项羽阵前,0,0,0,0,0,1
楚军烧毁齐国房屋，楚军掳掠妇女，齐国人反抗项羽,1,0,0,0,1,0
项羽打败刘贾和彭越,1,0,0,0,0,0
项羽见到纪信，问汉王在哪里。纪信说汉王已经出城了。项羽烧死纪信,0,0,0,0,1,0
王翳割项王的头，其他骑兵争夺项王的尸体，郎中骑杨喜，骑司马吕马童，郎中吕胜、杨武得到项王的一段肢体。五个人把肢体合拢起来是项羽的。,0,0,0,0,0,1
项羽说本来打算并力攻秦却长期停留不进，形势发展的结果是秦军打垮赵国的军队,1,0,0,0,0,0
项羽封吴芮为衡山王,0,0,1,0,0,0
项羽听说汉王已经兼并了关中，将要东进，齐赵反叛项羽，项羽非常愤怒,0,0,0,0,1,0
项羽渡过淮水，项羽到阴陵，项羽迷失道路，项羽询问种田的人，种田的人欺骗项羽，项羽陷入沼泽，汉军追上项羽,0,0,0,0,0,1
沛公项羽攻打定陶，没有攻下,1,0,0,0,0,0
项羽靠近汉王军营，项羽要求决战，项羽射中汉王,1,0,0,0,0,0
项羽分割天下，项羽封将领们为侯王,1,0,1,0,0,0
汉王追击项羽，楚军攻击汉军，楚军大败汉军,1,0,0,0,0,0
高祖以南阳郡守为殷侯,0,0,1,0,0,0
高祖得到韩信的军队,1,0,0,0,0,0
刘氏冠是高祖派求盗到薛县制作的,0,0,0,0,0,1
高祖路过沛县，高祖摆设酒席，高祖挑选儿童，教儿童唱歌,0,0,0,0,1,0
高祖说：各位诸侯和将领不要隐瞒我，都要说心里话。我能得到天下是什么原因,0,0,1,0,0,0
高祖平定楚地，埋葬项羽,1,0,0,0,0,0
高祖姓刘，父亲叫太公，母亲叫刘媪。刘媪休息，雷电交作，太公见到一条蛟龙在刘媪身上，刘媪怀孕，刘媪生高祖。,0,1,0,0,0,0
高祖喜欢施舍,0,0,0,0,1,0
高祖封陈恢一千户,0,0,1,0,0,0
不愿意隶属高祖，雍齿背叛高祖,0,0,0,0,0,1
高祖袭击雍王章邯,1,0,0,0,0,0
高祖废秦社稷，改立汉社稷,0,0,1,0,0,0
高祖说服齐王田广,0,0,1,0,0,0
高祖封建成侯彭越为梁王，原来的韩王信仍为韩王，建都阳翟,0,0,1,0,0,0
高祖说：官吏和百姓要安居如故，我到来是除害,0,0,0,0,1,0
高祖说：当初楚怀王派遣我，本来是因为我能宽大容人,0,0,0,0,1,0
高祖说：我听说皇帝这一尊号，属于有贤德的人，徒有虚名而无其实，不足以守帝位。我不敢承受皇帝之位。,0,0,0,0,1,0
楚军出击汉军，打败汉军,1,0,0,0,0,0
高祖进入蚀中，高祖烧栈道，高祖防备诸侯军和匪徒的袭击，高祖表示没有东进的意图,1,0,0,0,0,0
樊哙跟着高祖来到沛县，沛县县令关闭城门，打算杀掉萧何、曹参。萧何、曹参翻城墙，依附高祖,1,0,0,0,0,0
高祖大赦天下,0,0,1,0,0,0
项羽愿和高祖西进入关,1,0,0,0,0,0
高祖来到田间，吕后告诉：一位客人从这里经过，给我们母子看相，说将来都是大贵人,0,0,0,0,0,1
高祖击败黥布的军队,1,0,0,0,0,0
高祖说：好,0,0,0,0,0,1
吕后找到高祖，高祖感到奇怪，吕后说：你所处的地方上面常有云气，向着有云气的地方去找，常常可以找到你。沛县子弟听到这件事想归附他。,0,1,0,0,0,0
吕公到门口迎接高祖,0,0,0,0,0,1
吕后问高祖：陛下百年以后，萧相国如果死了，让谁接替他？高祖说：曹参可以。高祖说：王陵可以。高祖说：周勃缺少文才，能安定刘氏天下的是周勃，周勃可以做太尉。吕后问其次，高祖说：这以后也不是我所能知道的。,0,0,1,0,0,0
高祖朝见太公，太公家令说：天无二日，地无二主。高祖是你的儿子，是万民的君主。太公是父亲，但属于臣下。君主拜见臣下，君主失去威严和尊贵。高祖朝拜太公，太公倒退行走。高祖惊，搀扶太公。太公说：皇帝是万民的君主，怎么能因为我的缘故破坏了天下的法纪。高祖遵奉太公为太上皇，高祖赞美太公家令,0,0,1,0,0,0
高祖喜欢女色,0,0,0,0,1,0
高祖任亭长，高祖送役徒，高祖估计：等走到郦山，大概都逃光了。高祖释放所押送的役徒。高祖说：各位都走吧，我也从此逃命去了,0,0,0,0,0,1
汉军想要攻打韩信,1,0,0,0,0,0
高祖赦免燕地官吏和百姓,0,0,1,0,0,0
高祖封皇子刘建为燕王,0,0,1,0,0,0
高祖封黥布,0,0,1,0,0,0
高祖试做官吏，高祖当泗水亭亭长,0,0,1,0,0,0
高祖征集一些士卒，军势击破楚军,1,0,0,0,0,0
秦始皇说：东南有天子气，秦始皇巡游东方，借以镇伏东南的天子气。高祖怀疑这件事与自己有关。,0,1,0,0,0,0
高祖说：义帝没有后代,0,0,0,0,0,1
高祖是宽大长者,0,0,0,0,1,0
高祖采取计策,0,0,1,0,0,0
高祖封儿子刘恢为梁王，儿子刘友为淮阳王,0,0,1,0,0,0
高祖说：你们知其一，不知其二。运筹划策我不如子房，镇守国家我不如萧何，我不如韩信。这三个人是人中俊杰，我任用他们，这是我取得天下的原因,0,0,1,0,0,0
高祖整理衣服，向郦食其道歉,0,0,0,0,1,0
高祖率领军队擒获燕王臧荼。高祖立太尉卢绾为燕王,0,0,1,0,0,0
高祖收集散兵，到达城阳，高祖打败秦军,1,0,0,0,0,0
泗水郡郡守壮逃戚，高祖左司马擒获杀死泗水郡郡守壮,1,0,0,0,0,0
高祖砍塞王司马欣的脑袋,1,0,0,0,0,0
少年子弟和有势的官吏，如萧何、曹参、樊哙等人，召集兵员，固守丰邑,1,0,0,0,0,0
高祖使郦生劝说魏豹,0,0,1,0,0,0
高祖追老人，老人说：刚才相过夫人和孩子，他们都跟你相似，你的相貌，贵不可言,0,1,0,0,0,0
高祖摆设酒席,0,0,0,0,0,1
番君的将领梅鋗立有战功，高祖感谢番君的恩德,0,0,1,0,0,0
高祖增设疑兵，树旗帜,1,0,0,0,0,0
高祖祭祀黄帝。高祖所杀蛇是白帝的儿子，杀蛇的是赤帝的儿子。,0,1,0,0,0,0
高祖去东垣,0,0,0,0,0,1
高祖攻丰,1,0,0,0,0,0
高祖的兵力敌不过项羽,1,0,0,0,0,0
高祖到长安,0,0,0,0,0,1
高祖命令雍齿首位丰邑，高祖引兵赴薛,1,0,0,0,0,0
高祖慰劳士卒，安定军心,0,0,1,0,0,0
梁王彭越要反叛，高祖处死他的三族,0,0,1,0,0,0
高祖有远大的志向,0,0,0,0,1,0
高祖派韩信打败韩王郑昌,1,0,0,0,0,0
高祖、项羽驻军濮阳东面，击破秦军,1,0,0,0,0,0
袁生劝高祖，说：汉与楚在荥阳相持了几年，汉军常处境困难。高祖采纳袁生的计策，出兵宛县、叶县之间，收集兵马,1,0,0,0,0,0
高祖讨伐淮南王黥布,1,0,0,0,0,0
高祖亲自攻打利几,1,0,0,0,0,0
高祖赦免代地被胁迫的官吏和百姓,0,0,1,0,0,0
高祖怨恨雍齿,0,0,0,0,1,0
高祖即皇帝位,0,0,0,0,0,1
赵高派人见高祖，高祖以为是诈骗，高祖采用张良的计策，派郦生、陆贾游说秦军将领，袭击武关,1,0,0,0,0,0
陈胜等在蕲县歧义，为王，号称张楚。各郡县杀死长官响应陈胜。沛县县令为秦朝的官吏，要叛秦起事，派樊哙召唤高祖。,1,0,0,0,0,0
武负、王媪看见高祖上面常有一条龙，武负、王媪感到很奇怪,0,1,0,0,0,0
高祖出函谷关，到达陕县，高祖给张耳优厚的待遇,1,0,0,0,0,0
高祖派人与秦朝官吏训醒县城乡间，秦地的百姓争拿牛羊酒款待士兵。高祖说：仓库的谷子很多，不缺乏，不愿破费百姓,0,0,0,0,1,0
高祖打垮秦军,1,0,0,0,0,0
淮阴侯韩信谋反关中，高祖处死韩信的三族,0,0,1,0,0,0
高祖派辟阳侯接卢绾,0,0,0,0,0,1
高祖同父老们约定，法律只有三条：杀人的处死，伤人和抢劫的处以与所犯罪相当的刑罚,0,0,1,0,0,0
高祖赊酒，高祖买酒，高祖赊债务。这两家酒店一笔勾销高祖所赊债务。,0,0,0,0,1,0
萧何说：高祖本来大话很多，很少成事,0,0,0,0,1,0
高祖任砀郡长,0,0,1,0,0,0
高祖说：陈豨曾经给我做事，很遵守信用。封陈豨为列侯,0,0,1,0,0,0
高祖杀死魏豹,1,0,0,0,0,0
吕公有一亲生女儿，吕公女儿愿意做高祖的妻子。吕媪生吕公的气，说：你最初常想使这个女儿与众不同，把女儿嫁给贵人。吕公作主张，说：这不是你们这些妇孺之辈所能懂得的。吕公女儿嫁给高祖。,0,0,0,1,0,0
高祖封吴芮为长沙王，建都临湘,0,0,1,0,0,0
高祖攻占轘辕,1,0,0,0,0,0
高祖回到长安,0,0,0,0,0,1
高祖引兵成皋,1,0,0,0,0,0
医生见高祖，说：病可以治好。高祖谩骂医生，说：我以一个布衣平民，手提三尺剑取得天下，这不是天命吗？命运在天，虽有扁鹊，又有什么用处！高祖不让医生治病，赏赐黄金，叫医生离去。,0,0,0,0,1,0
高祖命令别将追击淮南王黥布,1,0,0,0,0,0
楚怀王派遣高祖进攻秦地,1,0,0,0,0,0
高祖和项羽攻城，到雍丘城下。高祖和项羽破秦军，杀了李由,1,0,0,0,0,0
高祖整修河上郡内的长城,0,0,1,0,0,0
高祖听说东阳宁君、秦嘉立景驹为假王，住在留县。东阳宁君、高祖引兵，收集散兵，攻下砀县。东阳宁君、高祖手边降兵，得到五六千人，进攻下邑。东阳宁君、高祖回丰邑。高祖回来，攻丰。,1,0,0,0,0,0
儿子刘恒为代王,0,0,1,0,0,0
高祖想长期建都雒阳，其人刘敬劝阻高祖，留侯张良劝说高祖。高祖进入关中建都,0,0,1,0,0,0
高祖看见宫阙极为华丽，高祖非常生气,0,0,0,0,1,0
高祖立刘仲为代王,0,0,1,0,0,0
安葬高祖,0,0,0,0,0,1
赵利的士卒辱骂高祖，高祖气愤。没有辱骂高祖的，高祖宽恕他们,0,0,0,0,1,0
天下平定,0,0,1,0,0,0
高祖驻扎砀,1,0,0,0,0,0
高祖回到沛县,0,0,0,0,0,1
高祖和诸侯们约定，先入关的在关中称王,0,0,0,0,0,1
吕后给老人食物，老人说：夫人是天下的贵人,0,1,0,0,0,0
高祖和项羽听说项梁死了,0,0,0,0,0,1
高祖为皇帝,0,0,1,0,0,0
高祖攻打黥布,1,0,0,0,0,0
高祖论定功劳大小，封侯食邑,0,0,1,0,0,0
高祖率军攻打叛贼,1,0,0,0,0,0
汉军断绝粮食，汉军放女子。将军纪信乘坐高祖的车驾欺骗楚军，高祖出西门,0,0,1,0,0,0
高祖写一封信，说：天下苦于秦朝的暴政已经很久了。诸侯屠戮沛县，沛县父老响应诸侯军立保性命。沛县父老率领子弟杀沛县县令，打开城门迎接高祖，沛县父老想让高祖做沛县县令,0,0,1,0,0,0
高祖和诸侯军攻打楚军,1,0,0,0,0,0
汉军将领破黥布军，杀死黥布,1,0,0,0,0,0
高祖最腿上有七十二颗黑痣,0,1,0,0,0,0
高祖、项羽率军队，杀戮城中军民,1,0,0,0,0,0
高祖回到军中，驻扎在广武,1,0,0,0,0,0
高祖命令御史大夫周苛、魏豹、枞公留守荥阳。不能随从的将领和士卒留在城中,1,0,0,0,0,0
高祖来到阳夏南面，高祖采用计策,0,0,1,0,0,0
高祖派薛欧、王西迎接太公、吕后于沛县,0,0,0,0,1,0
张耳归附高祖,0,0,1,0,0,0
楚军掳取高祖的父母妻子,0,0,0,0,0,1
高祖封闭珍宝,0,0,0,0,0,1
高祖讨伐陈豨,1,0,0,0,0,0
高祖绕宛城。张良说：沛公你虽然急于打入函谷关，但秦兵还很多，又据守险要。高祖更换旗帜，包围宛城。,1,0,0,0,0,0
高祖作诗，高祖跳舞，高祖说：远游的人思念故乡。我虽然建都关中，千秋万岁后，我的魂魄还是会怀思沛县。我免除沛县百姓的徭役。沛县父老兄弟开怀。,0,0,1,0,0,0
高祖封儿子刘长为淮南王,0,0,1,0,0,0
九江王黥布归汉,1,0,0,0,0,0
孝惠帝让高祖所教唱歌的儿童做高祖原庙中演奏音乐的人员,0,0,0,0,0,1
吕后让老人看相，老人说：夫人所以显贵，就是孝惠的缘故。鲁元是贵相。,0,1,0,0,0,0
高祖命令樊哙留下来,0,0,1,0,0,0
高祖攻打颍阳，高祖屠颍阳城,1,0,0,0,0,0
高祖设置河南郡,0,0,1,0,0,0
高祖戏辱堂上的客人,0,0,0,0,1,0
有人劝高祖：项羽来到关中救国，你高祖就不能占有这个地方了。应该派兵把手函谷关，征集兵，加强实力。高祖赞成这个人的计谋。,0,0,1,0,0,0
高祖到达雒阳,0,0,0,0,0,1
高祖到达咸阳，高祖攻占陇西,1,0,0,0,0,0
孝武皇帝遥祭仙山，孝武皇帝希望前往仙人所在的异域,0,1,0,0,0,0
孝武皇帝把女儿卫长公主嫁栾大，孝武皇帝到栾大的府第，派使者慰问,0,0,1,1,0,0
孝武皇帝贬退徐偃周霸，孝武皇帝罢黜这些儒生，不予任用,0,0,1,1,0,0
孝武皇帝请一个神君，孝武皇帝供奉神君,0,1,0,0,0,0
祭月神用一只羊或一头猪，祭祀泰一神的司祭官员穿紫衣和绣花的衣服，祭日神穿赤色衣，祭月神穿白色衣,0,0,0,0,0,1
孝武皇帝到梁父山祭地,0,1,0,0,0,0
孝武皇帝征伐朝鲜,1,0,0,0,0,0
孝武皇帝建寿宫，张挂羽旗，陈设供神用具，接神君。孝武皇帝纪录神君所说的话，神君所说的话是世俗人知晓的，孝武皇帝喜欢,0,1,0,0,0,0
常山王有罪，孝武皇帝封常山王的弟弟为真定王，孝武皇帝延续对常山王祖先的祭祀,0,0,1,0,0,0
孝武皇帝到达枞阳，孝武皇帝祭祀名山大川,0,1,0,0,0,0
孝武皇帝祭祀泰一,0,1,0,0,0,0
孝武皇帝举行除灾去邪的仪式，孝武皇帝进入室中,0,1,0,0,0,0
孝武皇帝即位,0,0,1,0,0,0
天上有神光的瑞应，孝武皇帝下诏说甘泉宫中生出九茎灵芝大赦天下免除监外服徒刑的劳役,0,1,1,0,1,0
各郡国都修筑街道，各郡国都修建宫观和名山上的神祠，期望天子驾临,0,0,0,0,0,1
孝武皇帝令太祝建立薄诱忌说的这种祠坛，孝武皇帝祭祀依照薄诱忌的方法,0,1,0,0,0,0
孝武皇帝到瓠子口部署堵塞黄河的决口，孝武皇帝沉祭品祭祀河神。孝武皇帝派两个将军堵塞河道的决口，两个将军使河水流过从另外两条河道,0,1,1,0,0,0
孝武皇帝大赦天下，孝武皇帝安置神君,0,1,1,0,0,0
孝武皇帝崇信儒家的学术，孝武皇帝招纳有才学的人,0,0,1,0,0,0
孝武皇帝举行郊祭，捕获一头独角兽，进献五畤，予以焚烧，报答天赐。孝武皇帝赐白金,0,1,1,0,0,0
孝武皇帝说，近来黄河泛滥已有好几年谷物收成不好,0,0,1,0,0,0
孝武皇帝举行封禅大典,0,0,1,0,0,0
隔三年举行郊祭,0,0,0,0,0,1
主管官员说，陛下建立了汉朝的封禅礼制上天出现德星作为对您的报答,0,1,0,0,0,0
孝武皇帝到泰山，孝武皇帝去明堂祭祀天，孝武皇帝不举行封禅,0,0,0,0,0,1
孝武皇帝巡视南郡，孝武皇帝到江陵，孝武皇帝登潜县的天柱山，孝武皇帝称这座山为南岳,0,0,1,0,0,0
孝武皇帝到甘泉祭告泰一神这一特别事件,0,1,0,0,0,0
孝武皇帝让公卿大臣讨论,0,0,1,0,0,0
公孙卿说在曾在东莱山看到仙人。孝武皇帝来到缑氏城，孝武皇帝任命公孙卿为中大夫。,0,1,0,0,0,0
孝武皇帝征伐南越，祷告泰一神,1,1,0,0,0,0
孝武皇帝来到东莱，孝武皇帝看到脚印，孝武皇帝派遣数以千计的方士访求神怪，采集灵芝药草,0,1,0,0,0,0
孝武皇帝回到奉高，孝武皇帝考虑儒生和方士议论的封禅,0,0,1,0,0,0
孝武皇帝回到泰山，孝武皇帝举行五年一次的封禅典礼，孝武皇帝增加礼仪,0,1,1,0,0,0
孝武皇帝到达鸣泽,0,0,0,0,0,1
孝武皇帝任命公孙卿为郎官，孝武皇帝派公孙卿前往太室山迎候神仙,0,1,0,0,0,0
孝武皇帝巡海上，祭祀天主、地主、兵主、阴主、阳主、月主、日主和四时主八神,0,1,0,0,0,0
孝武皇帝到缑氏城察看脚印，孝武皇帝问，你该不会仿效文成五利欺骗我吧,0,1,1,0,0,0
孝武皇帝登泰山举行秘密祭祀,0,1,0,0,0,0
孝武皇帝行缑氏县，随行的官员听到好像有人呼喊万岁的声音，孝武皇帝以三百户封给太室作为供奉祭祠之用,0,0,1,0,1,0
寿星一再出现显示天下安宁灿烂光明，信星显示国运长久，皇帝拜谢祝祷,0,1,0,0,0,0
孝武皇帝叫栾大试验小方术，栾大表演斗棋。孝武皇帝担心决堤，孝武皇帝拜栾大为将军，栾大得四个金印。,0,1,1,0,0,0
孝武皇帝命令准备祭祀用具，孝武皇帝命令公玊带等候神灵,0,1,0,0,0,0
孝武皇帝增派船只，孝武皇帝命令几千人求访蓬莱仙人,0,1,0,0,0,0
孝武皇帝命令任侍中的儒生戴白鹿皮帽，穿插笏的官服，举行射牛仪式，郊祀泰一,0,1,0,0,0,0
孝武皇帝想在奉高县附近修建明堂，孝武皇帝不知道明堂的制度。济南人公献黄帝时的明堂图，孝武皇帝命令奉高县修建明堂,0,0,1,0,0,0
孝武皇帝射获麃,1,0,0,0,0,0
孝武皇帝到荥阳，孝武皇帝返回长安。孝武皇帝开始巡视各郡县,0,0,1,0,0,0
孝武皇帝亲临高里山祭祀后土,0,1,0,0,0,0
孝武皇帝受封胶东王,0,0,1,0,0,0
孝武皇帝巡视朔方，孝武皇帝统率十余万士卒祭黄帝陵，孝武皇帝犒赏军队,1,0,0,0,0,0
齐人少翁招王夫人及灶神的形貌，孝武皇帝看见王夫人，孝武皇帝授予齐人少翁为文成将军，孝武皇帝赏赐东西，孝武皇帝接待他,0,1,0,0,0,0
孝武皇帝注重对鬼神的祭祀,0,1,0,0,0,0
孝武皇帝病无法治愈，孝武皇帝召巫师。巫师生病，孝武皇帝问神君，孝武皇帝病好,0,1,0,0,0,0
孝武皇帝来到海边考察前往海上求仙的人和方士，孝武皇帝派遣更多的人，希望能遇到神仙,0,1,0,0,0,0
孝武皇帝到雍县郊进行巡视,0,0,1,0,0,0
发生蝗灾,0,0,0,0,0,1
孝武皇帝前往雍县郊祀五帝，孝武皇帝祭祀泰一神,0,1,0,0,0,0
孝武皇帝命令天下的百姓祭祀灵星,0,1,0,0,0,0
孝武皇帝建造通天台招仙人,0,1,0,0,0,0
孝武皇帝厌倦方士的奇异迂阔的谈论，笼络方士，孝武皇帝期望遇到真正的仙人,0,1,0,0,0,0
五岳在孝武皇帝直接管辖的郡内,0,0,1,0,0,0
孝武皇帝听说有人看见了大脚印，孝武皇帝深信是仙人。孝武皇帝逗留在海滨，孝武皇帝拨方士们驿车，遣数以千计的使者访求仙人,0,1,0,0,0,0
孝武皇帝到达碣石，孝武皇帝经过北方边境，孝武皇帝到九原,1,0,1,0,0,0
孝武皇帝命令祠官将熟牛犊进献五畤,0,1,0,0,0,0
孝武皇帝命太祝领祀依照这种方法,0,1,0,0,0,0
孝武皇帝到达奉高县举行封禅大典,0,0,0,0,0,1
孝武皇帝说，古时候的帝王先用兵犒赏军队然后举行封禅,1,0,1,0,0,0
孝武皇帝接受郡国的会计簿册，孝武皇帝回到京城,0,0,1,0,0,0
秦始皇摧毁城郭，挖堤防,0,0,1,0,0,0
设置东郡,0,0,1,0,0,0
全国赐予一级,0,0,1,0,0,0
秦始皇途经丹阳，秦始皇到达钱唐,0,0,0,0,0,1
发生饥荒,0,0,0,0,0,1
秦国兼并天下，秦始皇下令丞相御史,0,0,1,0,0,0
进攻燕国，军队驻扎,1,0,0,0,0,0
李斯建议秦始皇，秦始皇派李斯攻打韩国,1,0,0,0,0,0
刻碑说：秦始皇即位，秦始皇创立制度，秦始皇申明法令，臣下修治严整，秦始皇兼并天下，没有不顺从的，秦始皇巡视百姓，秦始皇览疆域，治国的方法得到贯彻执行，流传后世。皇帝本身治理国家谋求长远的利益，重视对臣民的教导，教诲传播四方，远近接受意志，遵守职责，颂扬德业,1,0,1,0,1,0
王翦羌瘣攻占赵国的东阳地区，王翦羌瘣抓获赵王,1,0,0,0,0,0
秦始皇前往琅邪，秦始皇回到咸阳,0,0,0,0,0,1
秦国出兵，五国的军队撤,1,0,0,0,0,0
秦始皇望祭虞舜，秦始皇浮江，秦始皇观览籍柯，秦始皇渡过江渚,0,0,1,0,0,0
秦国占领全部魏国领土,1,0,0,0,0,0
秦始皇登琅邪，三万户百姓免除徭役，秦始皇修建琅邪台，秦始皇颂扬德业,0,0,1,0,0,0
李斯说：皇帝兼并天下，皇帝分辨是非，皇帝确立至高无上的地位。我希望史官把不是秦国的典籍全部烧掉，以古非今的杀死全族，官吏知情同罪。所不烧毁的是医药卜筮农林方面的书籍。秦始皇下达命令，秦始皇说可以照此办理,0,0,1,0,0,0
秦始皇祭祀大禹，秦始皇望祭南海，秦始皇树立石碑,0,0,0,0,0,1
秦始皇赐嫪毐山阳地区，由嫪毐决断事无大小。河西太原郡为嫪毐的封国,0,0,1,0,0,0
秦始皇下令，有活捉嫪毐的赏钱一百万，杀死嫪毐的赏钱五十万。抓获嫪毐等人。夷灭宗族，罪轻的罚为鬼薪徒役,0,0,1,0,0,0
秦始皇回到咸阳,0,0,0,0,0,1
百姓缴纳一千石粟米，百姓拜爵一级,0,0,1,0,0,0
大梁人尉缭来到秦国，大梁人尉缭劝告秦始皇，秦始皇听从大梁人尉缭的建议,0,0,1,0,0,0
秦始皇的母亲去世,0,0,0,0,0,1
秦始皇兼并全国，秦始皇确定皇帝这一称号，秦始皇抚循东部地区，秦始皇到达琅邪,1,0,1,0,0,0
秦始皇贬斥听讼断狱不公平的官吏戍守南越地区,0,0,1,0,0,0
韩国魏国赵国卫国楚国进攻秦国，夺取寿陵,1,0,0,0,0,0
皇帝视察远方，到海边，登之罘,0,0,0,0,0,1
秦始皇不任用博士，一切依赖秦始皇,0,0,1,0,0,0
秦始皇交他们讨论,0,0,1,0,0,0
庄襄王为太上皇,0,0,0,0,1,0
我以为这是件好事大概可以偃兵息革了,1,0,0,0,0,0
腊祭改名嘉平,0,0,1,0,0,0
秦始皇到达郢陈,0,0,0,0,0,1
赏赐米,0,0,0,0,1,0
天下欢聚,1,0,1,0,0,0
碑文说：皇帝建立丰功伟绩，皇帝统一天下。秦国伟大的皇帝确定刑法制度，秦国伟大的皇帝陈述过去的规章，统一法则，处理政务，审定职掌，建立制度，皇帝讨伐六国的诸侯王，皇帝平息暴乱，消灭贼，天地四方蒙受无限的恩泽，皇帝统一天下，运筹万物，考察情况，记载名称，纠正过错，宣扬大义，天下百姓接受风尚，人们服从国家法令，人人遵守统一的规定，人人保持太平的局面,1,0,1,0,1,0
秦始皇登之罘，秦始皇镌刻石碑,0,0,0,0,0,1
秦始皇说，我尊敬卢生等人，卢生等人诽谤我，卢生等人加重我的不仁,0,0,0,0,1,0
秦始皇肢解荆柯的尸体，秦始皇派王翦辛胜进攻燕国,1,0,0,0,1,0
数目作标准，驾车作标准,0,0,1,0,0,0
刻辞说：调遣军队，平息暴乱，恩惠润泽大地，牛马得到赏赐，皇帝兼并诸侯，皇帝统一全国。拆毁城郭，挖河堤，铲平险阻，障碍夷平。男的耕种他的土地，女的从事她的家庭手工业，各项生产蒙受皇帝的惠泽,1,0,1,0,1,0
秦国派将军王贲进攻齐国，秦国俘虏齐王建,1,0,0,0,0,0
秦始皇刻辞。,0,0,0,0,0,1
群臣受命决断事情在咸阳宫,0,0,0,0,0,1
秦始皇进行推演，秦始皇认为周朝得到了火德秦朝代替周朝的火德，秦朝是水德开端,0,1,0,0,0,0
秦始皇返回，秦始皇路过彭城，秦始皇打捞周鼎,0,0,0,0,0,1
百姓遭受严重的饥荒,0,0,1,0,0,0
秦始皇出外，始皇的小儿子胡亥要求跟着去，秦始皇答应胡亥,0,0,0,1,0,0
秦始皇说天下苦于无休止的战争是因为有诸侯王的缘故依靠宗庙之灵刚刚平定了天下再去建立诸侯国这是自我树敌而要求得安宁岂不是很困难的吗，建议是正确,0,0,1,0,0,0
秦国各王的陵庙和章台、上林苑在渭水南岸。秦国模仿诸侯国的宫殿,0,0,0,0,0,1
秦始皇命令连接宫殿，把地点说出去的人罪当处死,0,0,1,0,1,0
秦始皇返回秦国是从太原上郡回来的,0,0,0,0,0,1
男子登记年龄,1,0,1,0,0,0
秦始皇派御史审问儒生，触犯法禁的人活埋，调发徒隶戍守边境,0,0,1,0,1,0
秦始皇生于邯郸，秦始皇姓赵氏,0,0,0,1,0,0
丞相王绾、御史大夫冯劫、廷尉李斯说，陛下调遣义军，陛下讨贼，陛下平定天下，这是从上古以来所没有过的,1,0,1,0,0,0
晋人驱逐出境,0,0,1,0,0,0
秦始皇为秦王,0,0,0,0,0,1
桓攻打赵国的平阳，桓杀死赵国将领扈辄，桓斩首十万,1,0,0,0,0,0
隐官刑徒七十多万人营造阿房宫，修建工程,0,0,0,0,1,0
秦始皇摆酒,0,0,0,0,0,1
秦始皇前往碣石，秦始皇派燕地人卢生访求羡门,0,0,1,0,0,0
秦始皇派御史审问，秦始皇烧毁这块石头,0,1,0,0,0,0
秦始皇寻求神山，秦始皇寻找仙人,0,0,0,0,1,0
秦始皇出行咸阳，始皇有随从，秦始皇遇盗贼，杀死盗贼,1,0,0,0,0,0
臣属会议：讨伐敌人，俘获国王，开拓领土，统一天下，消除祸患，停止战争。皇帝治理国家，皇帝处理政务。创立法律制度，明确标准器用，有职之臣遵守本分，知道自己该做些什么，百姓发生变化，每人确定固定的职务，子孙后代继承这英明的政治，群臣颂美皇帝的恩德，群臣赞扬皇帝的伟大功业,1,0,1,0,0,0
秦始皇死,0,0,0,0,0,1
桓领兵攻克攻下邺邑橑杨,1,0,0,0,0,0
郡设守尉监，百姓改称黔首,0,0,1,0,0,0
刻辞说：秦始皇制定制度，使明确关系，秦始皇明白一切事物的道理，巡视地区，检阅士卒，皇帝的功勋在于辛勤地操劳国家的根本大事，重农，抑商，器物有一致的标准，他所作所为符合天下意志，整顿风俗，优恤百姓，郡守管理地方政务，没有不整齐划一，不论远处近处还是偏僻的地方做到严肃庄重正直忠厚办事有一定的规则，皇帝的德泽安定四方。讨伐暴乱，消除祸患，兴办好事，带来福祉。百姓不进行战争，没有盗贼，人人通晓法律制度，人人遵守教化，天上地下四面八方是皇帝的领土，西边到达流沙，南边到达流沙，东边有东海，北边越过大夏，没有不臣服。功勋超过五帝，人人得到皇帝的德泽,1,0,1,0,1,0
秦始皇临幸梁山宫，看见丞相随从车骑众多，秦始皇不以为然。丞相减少车骑，秦始皇生气，秦始皇说这是宫内的人泄漏了我的话。秦始皇下令逮捕杀掉身边人。,0,0,0,0,1,0
齐国人茅焦劝告秦始皇，秦始皇有放逐母太后的名声。秦始皇迎接太后，秦始皇回到咸阳，秦始皇让太后居住在甘泉宫,0,0,1,0,1,0
赵国背叛盟约，我抓获它的国王。我消灭赵国公子嘉，秦国吏卒摧毁魏国，我抓荆国国王，我平定荆地，我派吏卒俘虏齐国国王，六国国王服其罪。要改换名号，颂扬功业，流传后世,0,0,0,0,1,0
秦始皇开辟道路，秦始皇修建大道，秦始皇认为咸阳人口众多，秦始皇兴建朝宫。秦始皇建造阿房宫，殿堂可一万人坐，旗帜高五丈，阿房宫直达南山，修建标志作为门阙,0,0,0,0,1,0
成汤为方伯，成汤有权征讨诸侯。葛伯不祭祀鬼神，成汤征讨葛伯,1,0,0,0,0,0
成汤写帝诰一书，成汤报告迁都的情况,0,0,1,0,0,0
成汤修改历法，成汤改变服饰的颜色，成汤崇尚白色，成汤举行朝会,0,0,1,0,0,0
成汤说你们不能敬顺天命我就要重重地惩罚你们概不宽赦,0,0,1,0,0,0
野外有人四面张着罗网，张网的人说愿从天上来的从地下来的从四方来的都进入我的罗网。成汤说嗳这样就把禽兽全部捕尽了。诸侯听到这件事，说，仁德到极点，连禽兽受到他的恩惠,0,0,0,0,1,0
成汤进攻忠于夏桀的三㚇，成汤缴获他们的宝器珠玉,1,0,0,0,0,0
成汤推翻夏朝，成汤回到国都亳，成汤写《汤诰》,1,0,1,0,0,0
成汤说，人从水中可以看到自己的样子，从百姓精神面貌可以知道国家治理状况,0,0,1,0,0,0
成汤派人聘请伊尹，成汤任用伊尹管理国政,0,0,1,0,0,0
孝惠帝去世，吕太后不流眼泪,0,0,0,0,1,0
吕太后想罢免王陵，吕太后拜王陵为皇帝的太傅，剥夺王陵的丞相职权,0,0,1,0,0,0
吕太后立轵侯刘朝为常山王，设置太尉官职，以绛侯周勃为太尉,0,0,1,0,0,0
吕太后把吕产的女儿作为赵王的王后。王后的随侍官员是吕氏家族的人，用来监视赵王,0,0,1,0,0,0
吕太后封刘恢为赵王，立皇帝的儿子昌平侯刘太为吕王，把梁改名为吕，吕改名为济川。,0,0,1,0,0,0
吕太后是高祖微贱时的妻子，吕太后生了孝惠帝和女儿鲁元太后。,0,0,0,1,0,0
吕太后死，诏书赏赐黄金,0,0,1,0,0,0
吕太后害怕自己死后刘将军作乱，封刘将军为琅琊王,0,0,1,0,0,0
吕太后找机会想杀赵王。吕太后听说赵王一人在家，派人拿毒酒给赵王喝。,0,0,0,0,1,0
吕太后说，这是因为我的缘故吧,0,0,0,0,1,0
吕太后实行大赦,0,0,1,0,1,0
吕太后派遣使者,0,0,1,0,0,0
吕太后和高祖关系疏远,0,0,0,1,0,0
吕太后怕皇帝叛变，吕太后幽禁皇帝，说皇帝病得很厉害。吕太后杀害皇帝。,0,0,1,0,1,0
吕太后辅佐高祖，吕太后主诛杀大臣，吕太后是得力的。,0,0,1,0,0,0
吕太后追尊赵昭王,0,0,1,0,0,0
吕太后赐给张敖的谥号为鲁元王,0,0,1,0,0,0
吕太后立常山王刘义为皇帝。不改年号，因为吕太后专制天下大事。,0,0,1,0,0,0
吕太后立吕肃王的儿子东平侯吕通为燕王，封吕通的弟弟吕庄为东平侯,0,0,1,0,1,0
吕氏的权势开始崛起,0,0,1,0,0,0
吕太后说：凡是能统治天下万民的人，要像天一样覆盖一切，像地一样容纳万物，皇帝怀有欢爱的心情来抚慰百姓，百姓快乐地事奉皇帝，上下感情欣然交融，天下就能大治。,0,0,1,0,0,0
吕太后打算封吕氏子弟为侯，先封高祖的功臣郎中令冯无择为博城侯；吕太后封齐悼惠王的儿子刘章为朱虚侯；齐丞相齐寿为平定侯；吕平为扶柳侯；张买为南宫侯。,0,0,1,0,1,0
吕太后任用亲戚，杀死大臣，剪除子嗣，祸害百姓,0,0,0,0,1,0
吕太后封吕媭为临光侯，吕他为俞侯，吕更始为赘其侯，吕忿为吕城侯，诸侯丞相五人为侯,0,0,1,0,1,0
吕太后让人倒毒酒给齐王，孝惠帝拿过酒杯，吕太后倒掉孝惠帝杯子里的酒,0,0,0,0,1,0
吕太后告诫吕产、吕禄，说，高帝平定天下后，和大臣们约定，说是不是刘氏子弟而称王的，天下人一起消灭他。大臣们要发动叛乱，你们掌握军队，你们保卫朝廷，别给我送丧,0,0,1,0,0,0
吕太后代行皇帝的职权，吕太后打算封吕氏子弟为王,0,0,1,0,1,0
赵王刘友不喜欢吕氏的女儿，吕太后召赵王刘友来都城。赵王刘友来到都城，吕太后不接见赵王刘友，卫士围困赵王刘友。赵王刘友说：诸吕胁迫王侯，吕氏无理。赵王刘友被幽禁死亡。,0,0,0,0,1,0
吕太后派人杀死燕灵王刘建的儿子,0,0,1,0,1,0
孝文太后去世,0,0,0,0,0,1
在西北方出现彗星,0,0,0,0,0,1
孝景皇帝改诸侯王国的丞相为相,0,0,1,0,0,0
孝景皇帝封大将军窦婴为魏其侯，立楚元王的儿子平陆侯刘礼为楚王，立皇子刘端为胶西王，立皇子刘胜为中山王，封淮阳王刘余为鲁王，封汝南王刘非为江都王。,0,0,1,0,0,0
孝景皇帝允许欢聚宴饮,0,0,1,0,1,0
江都地区遭遇从西方刮来的大风暴，毁坏城墙,0,0,0,0,0,1
匈奴的两个王率领部众归降，孝景皇帝封他们为列侯,0,0,1,0,0,0
荧惑逼近北辰的位置，在北辰的中间出现月亮,0,1,0,0,0,0
孝景皇帝修建阳陵。孝景皇帝拨二十万招募百姓迁阳陵,0,0,1,0,0,0
孝景皇帝大赦天下，孝景皇帝赐予爵一级，孝景皇帝减免田租，孝景皇帝修建太宗庙,0,0,1,0,1,0
刘濞发动叛乱，孝景皇帝处死晁错，孝景皇帝派袁盎谕告七国。孝景皇帝派遣大将军窦婴、太尉周亚夫讨伐他们,1,0,1,0,0,0
孝景皇帝大赦天下，赐予爵位一级,0,0,1,0,1,0
广川王长沙王前往自己的封国,0,0,1,0,0,0
匈奴入侵上郡,1,0,0,0,0,0
孝景皇帝封原来的相国萧何的孙子萧系为武陵侯,0,0,1,0,0,0
孝景皇帝赦免囚犯,0,0,1,0,1,0
孝景皇帝立胶东王为皇太子,0,0,1,0,0,0
郅将军出击匈奴,1,0,0,0,0,0
孝景皇帝去世，遗诏赐予爵位一级，让宫女回到自己家里，免除宫女终身的赋税和徭役,0,0,0,0,1,0
孝景皇帝建造德阳宫,0,0,0,0,1,0
孝景皇帝召临江王问罪,0,0,1,0,0,0
孝景皇帝任命御史大夫桃侯刘舍为丞相,0,0,1,0,0,0
孝景皇帝废除官职,0,0,1,0,0,0
皇太子刘彻举行冠礼,0,0,0,0,0,1
孝景皇帝大赦天下,0,0,1,0,1,0
孝景皇帝改中大夫令为卫尉,0,0,1,0,0,0
孝景皇帝改广川王为赵王,0,0,1,0,0,0
衡山下冰雹，最大的直径有一尺八寸,0,0,0,0,0,1
发生地震,0,0,0,0,0,1
孝景皇帝封十人为侯,0,0,1,0,0,0
孝景皇帝立皇子刘方为清河王,0,0,1,0,0,0
发生地震,0,0,0,0,0,1
孝景皇帝立皇子刘舜为常山王,0,0,1,0,0,0
孝景皇帝赦免奴隶,0,0,1,0,1,0
发生旱灾，百姓流行瘟疫,0,0,0,0,0,1
孝景皇帝大赦天下，赐予百姓爵位一级,0,0,1,0,1,0
皇帝来到雍县郊祭五帝,0,0,1,0,0,0
丞相刘舍免除职务,0,0,1,0,0,0
孝景皇帝封原来的御史大夫周苛的孙子周平为绳侯，封原来的御史大夫周昌的孙子周左车为安阳侯,0,0,1,0,0,0
孝景皇帝用树木填兰池,0,0,0,0,0,1
孝景皇帝的母亲是窦太后,0,0,0,1,0,0
九月的最后一天出现日食,0,0,0,0,0,1
孝景皇帝大赦天下,0,0,1,0,1,0
前任王后生三个男孩，三个男孩死亡，孝敬皇帝嗣位,0,0,0,1,0,0
孝景皇帝改赵国为邯郸郡,0,0,1,0,0,0
禁止天下百姓吃当年收获的粮食，在京城的列侯前往自己的封地，减少列侯数量,0,0,1,0,0,0
出现日食,0,0,0,0,0,1
孝景皇帝立皇太子，孝景皇帝封皇子刘彻为胶东王,0,0,1,0,0,0
全国发生涝灾,0,0,0,0,0,1
孝景皇帝大赦天下，赐予百姓爵位一级，中二千石的官员和诸侯国的相赐爵,0,0,1,0,1,0
孝景皇帝设置南陵和内史祋祤为县,0,0,1,0,0,0
发生地震,0,0,0,0,0,1
夏禹树立标识，夏禹测定高山大川的状貌，夏禹不顾劳累,0,0,0,0,1,0
夏禹治理太原，夏禹治理覃怀，,0,0,1,0,0,0
夏禹疏导淮水,0,0,1,0,0,0
夏禹行拜礼,0,0,0,0,1,0
天下安定,0,0,1,0,0,0
夏禹名叫文命,0,0,0,1,0,0
夏禹继承天子之位,0,0,1,0,0,0
夏禹分封诸侯，赐给土地,0,0,1,0,0,0
夏禹说如果按你的话行事一定会做出成绩的,0,0,1,0,0,0
帝舜任命夏禹，夏禹谦让契后稷皋陶,0,0,0,0,1,0
天子的声威教化达到四方荒远的边陲,0,0,1,0,0,0
夏禹的钱财用于水利工程,0,0,0,0,1,0
禹说洪水滔天浩浩荡荡环绕着高山淹没了丘陵百姓深受水害我在陆地上行走乘车在水中行走乘船在泥沼中行走乘木橇在山路上行走就穿上带铁齿的鞋翻山越岭树立木桩在山上作了标志，我给稻粮和新鲜的肉食，我疏导河道，我引入河道，我和稷赈济吃粮都困难的百姓,0,0,0,0,1,0
夏禹的父亲是鲧，鲧的父亲是帝颛顼，颛顼的父亲是昌意，昌意的父亲是黄帝,0,0,0,1,0,0
夏禹疏导长江,0,0,1,0,0,0
夏禹是黄帝的玄孙颛顼帝的孙子，夏禹的曾祖父昌意和父亲鲧没有登临帝位，夏禹的曾祖父昌意和父亲鲧做大臣,0,0,0,1,0,0
舜帝推荐夏禹作为帝位的继承人,0,0,1,0,0,0
夏禹说我整天考虑的是勤恳努力的工作,0,0,0,0,1,0
夏禹疏导渭水,0,0,1,0,0,0
舜帝说用我的德教来开导那么凭你的工作就会使他们归顺的,0,0,1,0,0,0
夏禹敬奉鬼神,0,1,0,0,0,0
夏禹疏导沇水,0,0,1,0,0,0
夏禹疏导九条大河,0,0,1,0,0,0
夏禹举用益，夏禹授给国政,0,0,1,0,0,0
夏禹疏导漾水,0,0,1,0,0,0
夏禹勤奋而严肃，夏禹是百官的典范,0,0,1,0,1,0
天下尊奉夏禹为山川众神之主,0,1,1,0,0,0
夏禹巡视物产，夏禹定其贡赋，夏禹视察交通情况,0,0,1,0,0,0
夏禹崇敬德业,0,0,1,0,1,0
禹说我娶涂山氏的女儿时只经四天婚期就又去治水了我的孩子启从生下来我未曾抚育过所以才能使平治水土的工作取得成功,0,0,1,0,1,0
幽王得到褒姒，幽王宠爱褒姒，幽王打算废黜申后并把太子宜臼也一块儿废掉,0,0,0,0,1,0
太史伯阳说灾祸己形成没有任何办法了,0,1,0,0,0,0
幽王到后宫，褒姒当王后，伯服做太子,0,0,0,1,1,0
幽王任用虢石父为卿士，卿士主持国政。虢石父喜欢阿谀奉承和贪图财利，幽王重用虢石父,0,0,1,0,1,0
二世发布诏令，增加始皇陵庙的祭牲以及对山川等各种祭祀的礼数，二世让群臣讨论怎样尊崇始皇庙,0,0,0,0,1,0
二世和赵高说我年龄小即位不久百姓还没有全部归附，安然不动不去巡游是没有办法统治天下的。二世巡行郡县,0,0,1,0,0,0
二世说先帝后宫的姬妾没有儿子的放出宫去不太合适，二世让殉葬,0,0,0,0,1,0
二世震惊，二世说怎么办,0,0,1,0,0,0
二世梦见白色的老虎咬他驾车的左边的那匹马，二世占梦，二世斋戒，二世打算祭祀泾水的水神沉入水中四匹白马,0,1,0,0,0,0
种植革木,0,0,1,0,0,0
阎乐上前来到二世面前，阎乐上前列举二世的罪状，阎乐上前说你骄横纵恣屠杀吏民无道已极天下百姓一起背叛了你你自己作打算吧，你屠杀吏民，天下百姓背叛你,0,0,0,0,1,0
二世指责赵高,0,0,0,0,0,1
二世住在宫中，和赵高决断各种政务，公卿大臣少有朝见的机会,0,0,1,0,0,0
二世说我可以见见丞相吗，二世说我希望得到一个郡去做一郡之王，二世希望得到一个郡去做一郡之王，二世愿做万户侯，二世说希望和妻子儿女成为平民百姓和那些公子们一样。阎乐说我受命于丞相替天下百姓处死你。二世自杀,0,0,0,0,1,0
二世斥责章邯,0,0,0,0,0,1
二世说可以,0,0,0,0,0,1
赵高说武力决定一切，二世说很好。二世杀戮大臣和那些公子们，二世逮捕地位较低的近侍之臣和三署郎官，二世假借互相株连，二世派使者说你不像大臣的样子按所犯罪行应当处死由狱吏执法,0,0,0,0,1,0
谒者报告叛乱的事情，二世把谒者交给了狱吏治罪，二世问情况，以后的使者说是一群盗贼郡守郡尉正在追捕现在全部抓获了不值得担忧,0,0,1,0,0,0
右丞相冯去疾左丞相李斯将军冯劫希望停止阿房宫的兴建，二世说我听韩子说尧舜的栎木屋椽不加整治茅草屋不加修葺吃饭用土碗喝水用瓦盆即使是供给看守城门的吃食和用品也不俭薄到这种程度，凡是尊贵而掌握了天下的人随心所欲，凡是尊贵而掌握了天下的人为所欲为，凡是尊贵而掌握了天下的人着重宣明法治，我制造一千乘车驾，我设置一万乘的随从徒众，我符合万乘之君这一名号，你们不给尽忠竭力，冯去疾李斯冯劫交给囚禁审查罪行，冯去疾李斯冯劫自杀，李斯受刑,0,0,1,0,1,0
二世说这些金石刻辞都是始皇帝镌刻的，我继承皇帝的称号,0,0,0,0,0,1
西伯的僚臣闳夭等人找美女珍宝和好马，纣赦免西伯,0,0,0,0,1,0
纣任费仲管理国家政事,0,0,1,0,0,0
纣嗜好喝酒，纣宠爱女人,0,0,0,0,1,0
纣宠爱妲己，纣让乐师涓创作新的放荡的乐曲，北里舞曲，淫靡的歌,0,0,0,0,1,0
诸侯背叛纣，诸侯们说可以讨伐纣了,0,0,1,0,0,0
纣王丧失权势,0,0,1,0,0,0
纣淫乱无止境,0,0,0,0,1,0
比干进谏言劝说纣，纣不肯听,0,0,1,0,0,0
纣登鹿台，纣穿他的宝玉衣，纣自焚,0,0,0,0,0,1
纣说，我生下来不就是有天命护佑吗,0,0,0,0,1,0
纣无礼,0,0,0,0,1,0
纣杀九侯的女儿，因为九侯的女儿不喜淫荡作乐,0,0,0,0,1,0
纣答应西伯，纣让西伯征伐其他诸侯，西伯成西部地区的诸侯之长,0,0,1,0,0,0
商容是有才德的人，纣废黜商容,0,0,1,0,1,0
纣搜集狗马和新奇的玩物，纣扩建沙丘的园林楼台，纣捕捉野兽飞鸟,0,0,0,0,1,0
帝启临帝位，有扈氏不归从，开始战斗，帝启作誓辞，帝启召集六军进行训诫,1,0,0,0,0,0
帝启消灭有扈氏，天下来朝拜,1,0,1,0,0,0
帝启说，谁听从命令，我奖赏他。谁不听从命令，我杀他，我要把他们的妻子儿女一起杀掉,1,0,0,0,0,0
武王说上天将赐福给大家，武王拜谢还礼,0,1,0,0,1,0
武王遵循遗业,0,0,1,0,1,0
武王巡视各个诸侯国，武王记录政事，写《武成》篇，武王宣告武灭殷的功业成就,1,0,1,0,0,0
一个火团落在武王的屋顶上，一个火团发出魄魄的鸣声,0,1,0,0,0,0
武王来到商郊牧野，武王举行誓师,1,0,0,0,0,0
武王祭祀文王，武王前往东方举行阅兵，武王到达盟津,1,0,0,0,0,0
武王放出狱，表彰百姓,0,0,1,0,1,0
武王出城，武王回到军中,1,0,0,0,0,0
武王自称太子发，武王表示是以文王的名义征伐不敢独断专行,0,0,0,0,1,0
武王询问殷朝灭亡的原因,0,0,1,0,0,0
武王封尚父，武王封同公旦，其他人受封,0,0,1,0,0,0
武王宣告，要小心谨慎，说到做到。我是无知之人，先祖有德行。我承受先人的功业，制定制度，确保完成功业,0,0,1,0,1,0
武王追思古代的圣王,0,0,0,0,1,0
武王进城，左右的大臣们跟着武王,0,0,1,0,0,0
武王命令宗祝祭祀将士,0,0,0,0,1,0
武王作《太誓》，武王宣告现在殷王纣竟然听信妻妾之言，自绝于上天，违背日月北斗的运行，疏远自己的同祖兄弟，竟然废弃其先祖的音乐，敢采用淫乱的音乐去窜改典雅的音乐以取悦于他的妻妾。我执行上天的惩罚,1,0,1,0,0,0
武王命人清理道路，武王修整社庙和商纣的宫室,0,0,1,0,0,0
武王来到商的都城，城中的百姓等待欢迎,0,0,1,0,1,0
武王找到纣自焚的地方，武王发箭射纣的尸体，武王砍纣的头，武王砍宠妾的头,1,0,0,0,0,0
武王说，殷王罪恶深重，不可不合力讨伐。,1,0,1,0,0,0
武王派师尚父率领百名勇士，武王率领拥有战车三百五十辆士卒两万六千二百五十人勇士三千人的大部队,1,0,0,0,0,0
武王命令南宫括散发聚集在鹿台的钱财和巨桥的粮食，赈济野人和贱民,0,0,0,0,1,0
帝尧说唉，你们谁顺应天命，你们谁接替我的帝位。四岳说我们的德行鄙陋得很不配登上帝位，帝尧说那就从所有同姓异姓远近大臣及隐居者当中推举吧。大家说有一个单身汉流寓在民间叫虞舜，帝尧说对我听说过他这个人怎么样，四岳说他是个盲人的儿子，帝尧说那我就试试他吧,0,0,1,0,0,0
帝尧让舜参与百官的事，百官的事变有条不紊,0,0,1,0,0,0
尧帝戴的是黄色的帽子，穿的是黑色衣裳，朱红色的车子驾白马,0,0,0,0,0,1
尧帝尊敬有善德的人，尧帝使同族九代相亲相爱,0,0,0,0,1,0
帝尧告退，帝尧让舜行天子政务,0,0,0,0,0,1
帝尧派舜进入山野丛林大川草泽，帝尧认为舜十分聪明很有道德，帝尧说三年来你做事周密说了的话就能做到现在你就登临天子位吧，舜推让，舜说德行不够,0,0,1,0,0,0
帝尧让出帝位,0,0,0,0,0,1
舜接受尧的禅让,0,0,0,0,0,1
帝尧号为陶唐,0,0,0,0,0,1
舜代理天子之政事，帝尧观察舜做天子是否合天意,0,0,1,0,0,0
帝尧命令安排农活,0,0,1,0,0,0
帝尧说谁可以继承我的这个事业，放齐说你的儿子丹朱通达事理。帝尧说哼丹朱么他这个人愚顽凶恶不能用。帝尧问道那么还有谁可以。驩兜说共工广泛地聚集民众做出了业绩可以用，帝尧说共工好讲漂亮话用心不正讲话的时候看似非常恭敬其实心不在焉不能用。,0,0,1,0,1,0
帝尧认为这样做很好，就让舜试任司徒之职，谨慎地理顺父义母慈兄友弟恭子孝这五种伦理道德，人民都遵从不违,0,0,1,0,0,0
文祖是尧的太祖,0,0,0,1,0,0
民众劳作，鸟兽生育,0,0,1,0,0,0
黄帝修行德业，,0,0,0,0,1,0
黄帝顺应天地四时的规律，推测阴阳的变化，,0,1,0,0,0,0
黄帝迁徙，黄帝没有住处，黄帝设置军营,1,0,1,0,0,0
黄帝有土这种属性的祥瑞征兆，黄帝做天子号称黄帝,0,1,0,0,0,0
黄帝任用风后、力牧、常先、大鸿等治理民众,0,0,1,0,0,0
黄帝征讨那些不来朝贡的诸侯，各诸侯来归从,1,0,0,0,0,0
黄帝到空桐，黄帝登鸡头山,0,0,0,0,0,1
黄帝号为有熊,0,0,0,0,0,1
轩辕是黄帝,0,0,0,1,0,0
黄帝到长江，黄帝登熊山,0,0,0,0,0,1
黄帝设置左右大监察诸侯国,0,0,1,0,0,0
黄帝有二十五个儿子，建立自己姓氏的有十四人,0,0,0,0,0,1
诸侯尊奉黄帝,0,0,1,0,0,0
黄帝整顿军旅，,1,0,0,0,0,0
黄帝研究四时节气变化，,0,0,0,0,1,0
黄帝种植五谷，,0,0,0,0,1,0
黄帝安抚民众，,0,0,1,0,0,0
黄帝训练熊罴貔貅貙虎等猛兽，黄帝征服炎帝,1,0,0,0,0,0
黄帝讲解生死的道理，黄帝论述存与亡的原因，,0,0,0,0,1,0
黄帝播种百谷草木，黄帝驯养鸟兽蚕虫，黄帝测定日月星辰，黄帝收取土石金玉，黄帝使用水火木材及各种财物,0,1,1,0,0,0
颛顼帝高阳是黄帝的孙子，昌意的儿子,0,0,0,1,0,0
颛顼养殖各种庄稼牲畜,0,0,1,0,0,0
颛顼有机谋，颛顼知事理,0,0,0,0,1,0
颛顼帝生的儿子叫穷蝉,0,0,0,1,0,0
颛顼利用地力,0,0,1,0,0,0
颛顼推算四时节令，,0,0,1,0,0,0
颛顼制定礼义，,0,0,1,0,0,0
颛顼理顺四时五行之气，,0,0,1,0,0,0
颛顼教化万民,0,0,1,0,0,0
颛顼祭祀鬼神,0,1,0,0,0,0
子婴和他的两个儿子说，丞相赵高在望夷宫杀死二世害怕群臣诛伐他就假装以大义为名立我为王，我听说赵高和楚约定由他消灭秦国宗室在关中称王，我拜见祖庙，赵高想要杀死我。我说有病不去，丞相来我这里，我杀死他,0,0,1,0,0,0
子婴做秦王，楚打垮秦军,1,0,0,0,0,0
赵高说参拜宗庙是大事王为何不去，子婴刺死赵高，子婴处死赵高家的三族,0,0,1,0,0,0
太尉奉天子印玺和符节，孝文皇帝说到代国官邸去商议。大臣们来到代国官邸，说皇子刘弘等都不是孝惠帝的儿子，不应做皇帝奉祀宗庙。大王现在是高帝最大的儿子适合做高帝的继承人。希望大王即位为天子。,0,0,0,1,0,0
吴王假装有病，孝文皇帝赏赐坐几,0,0,0,0,1,0
孝文皇帝让大臣们讨论,0,0,1,0,0,0
孝文皇帝说，楚王是我的叔父，年岁大，阅历丰富，懂得很多天下的道理，明了国家大体。吴王是我的哥哥，吴王喜欢以德待人。淮南王是我的弟弟，淮南王怀美德。淮南王辅佐我，这解决皇帝的继承人。诸侯王宗室弟兄有功的大臣是贤明和有德义的人。传位儿子，人们以为我忘记了贤明有德的人，我不赞成这种做法。,0,0,1,0,1,0
群臣当中如袁盎等人论述事情，皇帝采用他们的建议,0,0,1,0,0,0
孝文皇帝封淮南王舅父赵兼为周阳侯，文皇帝封齐王舅父驷钧为清郭侯，孝文皇帝封原来常山国的丞相蔡为樊侯,0,0,1,0,0,0
孝文皇帝慰劳士卒，训练军队，申明教令，赏赐官兵,1,0,0,0,0,0
孝文皇帝拜谒高庙，右丞相陈平迁徒左丞相，太尉周勃担任右丞相，大将军灌婴担任太尉，旧地归还齐楚,0,0,1,0,0,0
孝文皇帝说，我并不英明，不能远施德泽所以致使中原以外的国家不得安宁。这两种过错是由于我缺少道德，不能使德泽流布远方。匈奴杀死很多官吏和民众，边区的官员和将领不能理解我内在的心意，边区的官员和将领加重我的不德。我操劳天下大事，我感到愁苦,0,0,0,0,1,0
丞相陈平太尉周勃等迎接孝文皇帝，孝文皇帝询问左右近臣郎中令张武等人的意见,0,0,1,0,0,0
孝文皇帝说，我听说法律公正则百姓忠厚，论罪量刑得当则百姓顺从。管理百姓而引导他们向善的是官吏，官吏采用不公正的法律，我看不出这种法律有什么方便的地方。官员们说，皇帝加于民众的恩惠浩荡，德泽非常深厚，不是我们臣下所能赶得上的。官员们奉诏书废除一些互相连坐的法令,0,0,1,0,1,0
孝文皇帝说，汉朝和匈奴结为兄弟，不让它侵害边境，为此输送匈奴的礼物非常丰厚。右贤王离开他的国土，带领部众，改变原来的状态，捕杀官吏。孝文皇帝调发官吏到高奴，孝文皇帝派遣丞相颖阴侯灌婴出击匈奴。匈奴撤离边塞,1,0,1,0,0,0
孝文皇帝说奉祀高帝宗庙是一件重大的事情，我没有才能，我不敢当此重任。大臣们拜伏于地请求，代王谦让。,0,0,0,0,1,0
南越王尉佗自称武帝。孝文皇帝叫尉佗的兄弟，赐予厚禄。尉佗取消帝号，向汉朝称臣,0,0,1,0,1,0
孝文皇帝来到渭桥，大臣们来拜见，孝文皇帝下车答拜,0,0,0,0,1,0
匈奴进入北地郡，匈奴占据黄河以南,0,0,0,0,0,1
孝文皇帝赏赐老人,0,0,0,0,1,0
匈奴三万人进入上郡。孝文皇帝以中大夫令勉为车骑将军，将军张武屯守北地，祝兹侯驻军棘门，防备匈奴。匈奴人撤走。,1,0,0,0,0,0
君子是民众的父母，人们有过错，有的人想要改过向善没有途径，我怜悯这些人。刑罚太重，不符合为民众父母的意思。废除肉刑,0,0,1,0,1,0
大臣们要求把淮南王流放到蜀郡严道邛都一带，孝文皇帝答应。淮南王病死，孝文皇帝怜悯淮南王，孝文皇帝追尊淮南王的三个儿子为淮南王、衡山王、庐江王,0,0,1,0,1,0
孝文皇帝废除宫刑,0,0,0,0,1,0
孝文皇帝说，太尉周勃率领襄平侯纪通进入北军，典客刘揭夺下赵王吕禄的印信，太尉周勃赐予黄金，加封丞相陈平将军灌婴，赐予黄金，加封朱虚侯刘章、襄平侯纪通、东牟侯刘兴，封典客刘揭为阳信侯，赐黄金。,0,0,1,0,0,0
孝文皇帝以绛侯周勃为丞相,0,0,1,0,0,0
孝文皇帝让丞相停止进攻匈奴，孝文皇帝派遣棘蒲侯陈武为大将军，统率军队攻打济北王。祁侯缯贺为将军。,1,0,0,0,0,0
孝文皇帝下达诏令，说，有一个奇异的神物出现在成纪，无害于民，今年会有好收成。我到郊外祭祀天帝和其他各神。掌管礼仪的官员讨论所应举行的礼仪，不要隐讳。孝文皇帝临雍县郊祀五帝，举行祭礼,0,1,1,0,0,0
孝文皇帝罢免右丞相周勃职务，左丞相陈平一人任丞相,0,0,1,0,0,0
孝文皇帝哀怜缇萦的心意,0,0,0,0,1,0
孝文皇帝说：列侯中跟随高帝去蜀、汉中的六十八个人都各加封食邑三百户，过去随从高帝二千石以上的官吏颍川郡郡守尊等十人，各封给食邑六百户，淮阳郡郡守申徒嘉等十人各封给食邑五百户，卫尉定等十人各封给食邑四百户。,0,0,1,0,0,0
孝文皇帝说，官吏安定，恢复官职。反叛又回来的予赦免。,0,0,1,0,1,0
孝文皇帝不占有利益,0,0,0,0,1,0
孝文皇帝去掉肉刑,0,0,0,0,1,0
孝文皇帝召见鲁地的公孙臣，孝文皇帝任命鲁地的公孙臣担任博士,0,0,1,0,0,0
孝文皇帝说，法律上有诽谤妖言之罪，皇帝无从听到自己的过失。废除法令。,0,0,1,0,0,0
孝文皇帝不接受物品,0,0,0,0,1,0
孝文皇帝郊祀渭阳五帝庙，举行祭礼，孝文皇帝决定崇尚赤色,0,1,1,0,0,0
旱灾发生全国，蝗虫为害，孝文皇帝加恩天下，孝文皇帝命令诸侯废弛对山林湖泽的禁令，孝文皇帝减少皇帝的服饰,0,0,0,0,1,0
孝文皇帝去世，遗诏说我听说天下万物生长没有不死亡的，死亡是天地间的常理，财物用于安葬，我不赞成。我无益百姓，人家的父子减少饮食，这加重我的不德。我奉守宗庙，安宁没有战乱，我担心有错误的行为。孝文皇帝下达命令，哭丧三天，不要禁止娶妻嫁女，不要禁止祭祀鬼神，不要禁止饮酒食肉，应该服丧哭吊的人不要穿斩衰的丧服，绖带之围不要超过三寸。任命中尉周亚夫为车骑将军，典属国悍为将屯将军，郎中令张武为复土将军,0,0,0,0,1,0
孝文皇帝临甘泉宫,0,0,0,0,0,1
发生日食。孝文皇帝说，上天生育了万民，君主抚养和治理万民。君主不仁德，施政不公平，上天就以灾异相示，上天告诫君主。发生日食，上天显示谴责之意。我守护宗庙，我处于亿万民众和诸侯王之上。我不能治理和养育万物主灵，我有损日、月、星辰的光辉，我的不仁德是严重。我下达诏令，都要思考我的错误，请求告诉我。推选人纠正我的过失。整顿职责，减少徭役，便利百姓。,0,1,0,0,1,0
孝文皇帝是太后薄氏的儿子,0,0,0,1,0,0
匈奴入边寇掠，匈奴杀死北地郡的都尉孙印。孝文皇帝派中尉周舍为卫将军，郎中令张武为车骑将军，孝文皇帝派遣驻扎,1,0,0,0,0,0
孝文皇帝赐予鳏寡孤独和贫穷困苦的人，以及年龄八十以上的老人、九岁以下的孤儿一定数量的布帛米肉,0,0,0,0,1,0
孝文皇帝做代王，吕后的家族吕产等人想要叛乱推翻刘氏政权，大臣们商量召代王来都城立为皇帝,0,0,1,0,1,0
孝文皇帝说：当大臣诛灭吕氏子弟迎接我的时候，我犹豫不决，大家都阻拦我，只有中尉宋昌劝我，这样我才能够事奉宗庙。孝文皇帝封宋昌为壮武侯,0,0,1,0,1,0
孝文皇帝减少嗜欲,0,0,0,0,1,0
孝文皇帝废除诽谤罪,0,0,1,0,1,0
子某是长子，请立为太子。孝文皇帝答应。孝文皇帝赐予爵一级，孝文皇帝封将军薄昭为轵侯,0,0,1,0,0,0
孝文皇帝得到玉杯，玉杯刻延寿，孝文皇帝开始把这一年改为后元元年，下令天下百姓举行盛大的聚会设宴饮酒,0,0,0,0,1,0
张武等人接受金钱贿赂，孝文皇帝拿自己府库中的金钱赏赐，张武等人内心感到惭愧。张武等人不治罪,0,0,0,0,1,0
孝文皇帝派遣车骑将军薄昭迎接皇太后,0,0,0,0,1,0
孝文皇帝说，农业是天下的根本，各项事情没有比这更为重要的了。免除租税,0,0,1,0,0,0
